Postcode,"Number of individuals
no.","Taxable income or loss3 
$"
3000.0,"21,585","1,133,544,086"
3002.0,"3,586","427,737,327"
3003.0,"3,571","214,257,103"
3004.0,"6,941","609,482,026"
3006.0,"12,289","866,562,623"
3008.0,"7,164","506,953,931"
3011.0,"12,923","672,655,270"
3012.0,"15,009","801,874,631"
3013.0,"9,119","629,976,371"
3015.0,"10,424","733,761,556"
3016.0,"9,720","787,184,578"
3018.0,"7,647","455,129,939"
3019.0,"4,277","178,751,016"
3020.0,"21,676","919,555,201"
3021.0,"24,953","1,010,140,714"
3022.0,"1,937","89,286,725"
3023.0,"32,700","1,648,703,522"
3024.0,"12,265","608,424,053"
3025.0,"5,841","315,110,709"
3026.0,169,"12,748,451"
3027.0,"4,033","225,822,613"
3028.0,"16,045","796,225,063"
3029.0,"50,354","2,423,502,568"
3030.0,"55,342","3,032,170,992"
3031.0,"10,951","696,648,357"
3032.0,"17,966","1,145,781,917"
3033.0,"8,084","463,221,427"
3034.0,"6,340","340,940,570"
3036.0,"3,897","248,759,232"
3037.0,"27,476","1,399,949,410"
3038.0,"16,942","885,849,293"
3039.0,"9,102","658,452,535"
3040.0,"16,776","1,202,133,008"
3041.0,"7,754","522,767,617"
3042.0,"9,259","524,876,554"
3043.0,"9,984","501,860,816"
3044.0,"15,315","884,815,622"
3046.0,"17,870","866,676,721"
3047.0,"7,580","289,161,529"
3048.0,"6,642","258,745,437"
3049.0,"5,397","282,136,499"
3051.0,"7,939","472,604,060"
3052.0,"3,413","220,693,560"
3053.0,"7,672","415,823,674"
3054.0,"5,846","428,420,164"
3055.0,"8,571","493,233,491"
3056.0,"16,338","953,090,147"
3057.0,"7,856","461,168,290"
3058.0,"19,965","1,093,346,296"
3059.0,"9,350","523,526,210"
3060.0,"6,297","280,158,859"
3061.0,"2,135","87,420,542"
3062.0,98,"10,030,194"
3063.0,368,"22,550,529"
3064.0,"36,342","1,698,398,606"
3065.0,"6,762","491,447,606"
3066.0,"5,472","343,089,828"
3067.0,"5,737","375,625,805"
3068.0,"12,240","931,525,479"
3070.0,"15,411","1,041,882,843"
3071.0,"11,084","654,762,357"
3072.0,"18,596","989,437,080"
3073.0,"25,531","1,216,564,856"
3074.0,"9,547","403,841,822"
3075.0,"10,257","440,929,598"
3076.0,"17,209","795,951,094"
3078.0,"7,136","525,657,411"
3079.0,"10,342","862,120,302"
3081.0,"6,717","326,758,598"
3082.0,"17,371","847,668,993"
3083.0,"16,903","814,870,400"
3084.0,"15,740","1,039,060,175"
3085.0,"8,150","485,936,621"
3087.0,"5,159","282,971,118"
3088.0,"16,570","946,116,373"
3089.0,"7,533","452,149,535"
3090.0,"1,556","117,763,085"
3091.0,"1,074","76,372,987"
3093.0,"2,417","176,685,587"
3094.0,"5,448","311,070,286"
3095.0,"18,255","1,189,160,741"
3096.0,"1,166","63,342,059"
3097.0,941,"81,724,988"
3099.0,"3,043","167,760,292"
3101.0,"16,341","1,685,460,600"
3102.0,"4,154","330,662,022"
3103.0,"10,199","852,034,564"
3104.0,"12,994","930,998,738"
3105.0,"6,564","410,607,905"
3106.0,"10,761","750,151,090"
3107.0,"7,941","457,963,346"
3108.0,"12,765","712,941,864"
3109.0,"16,933","906,944,158"
3111.0,"7,571","536,025,703"
3113.0,"5,431","393,236,872"
3114.0,"2,496","212,213,626"
3115.0,"2,708","198,693,438"
3116.0,"6,127","329,580,342"
3121.0,"21,020","1,836,898,417"
3122.0,"15,927","1,569,184,729"
3123.0,"9,294","867,003,400"
3124.0,"14,849","1,518,773,851"
3125.0,"7,711","413,460,307"
3126.0,"5,445","697,568,386"
3127.0,"12,202","1,011,388,963"
3128.0,"10,894","578,460,257"
3129.0,"9,811","571,348,687"
3130.0,"18,952","1,139,472,054"
3131.0,"12,861","678,798,373"
3132.0,"10,034","575,289,894"
3133.0,"13,527","731,865,095"
3134.0,"19,951","1,150,786,643"
3135.0,"11,521","625,221,715"
3136.0,"26,235","1,391,422,937"
3137.0,"8,059","406,859,909"
3138.0,"12,871","659,106,349"
3139.0,"8,524","419,430,911"
3140.0,"10,073","531,406,687"
3141.0,"17,587","1,750,573,106"
3142.0,"10,063","1,919,785,020"
3143.0,"6,171","694,233,190"
3144.0,"7,782","935,568,529"
3145.0,"13,837","1,185,735,608"
3146.0,"16,029","1,482,765,401"
3147.0,"8,554","617,547,495"
3148.0,"5,173","279,031,884"
3149.0,"20,712","1,206,407,640"
3150.0,"36,387","2,029,124,017"
3151.0,"5,912","290,499,772"
3152.0,"20,390","1,059,982,818"
3153.0,"11,743","580,339,341"
3154.0,"2,617","141,585,827"
3155.0,"12,850","630,716,361"
3156.0,"22,637","1,226,540,168"
3158.0,"4,220","224,769,861"
3159.0,"1,534","83,854,750"
3160.0,"5,501","299,151,982"
3161.0,"10,158","918,164,259"
3162.0,"11,697","918,096,194"
3163.0,"19,596","1,184,109,921"
3165.0,"15,942","957,728,100"
3166.0,"13,672","771,184,108"
3167.0,"5,447","288,506,124"
3168.0,"9,478","408,191,147"
3169.0,"10,698","475,762,385"
3170.0,"11,097","595,952,825"
3171.0,"10,514","407,323,530"
3172.0,"12,708","599,161,382"
3173.0,"14,190","694,178,848"
3174.0,"19,176","787,952,892"
3175.0,"26,016","1,072,453,394"
3177.0,"4,828","188,976,614"
3178.0,"21,123","1,151,331,076"
3179.0,"3,522","180,313,997"
3180.0,"4,446","224,750,725"
3181.0,"15,558","1,066,406,939"
3182.0,"17,083","1,156,491,237"
3183.0,"12,111","793,385,700"
3184.0,"10,860","954,656,202"
3185.0,"8,547","695,049,169"
3186.0,"16,333","2,046,405,152"
3187.0,"9,867","859,521,515"
3188.0,"10,824","964,378,082"
3189.0,"3,753","213,135,782"
3190.0,"6,372","407,392,389"
3191.0,"6,494","585,203,855"
3192.0,"13,368","785,694,951"
3193.0,"13,041","1,185,892,247"
3194.0,"8,658","536,528,223"
3195.0,"21,628","1,359,922,007"
3196.0,"14,756","823,613,937"
3197.0,"7,221","435,729,410"
3198.0,"9,243","459,554,924"
3199.0,"30,241","1,516,103,871"
3200.0,"2,139","88,415,052"
3201.0,"11,422","548,131,551"
3202.0,"1,594","94,347,939"
3204.0,"18,324","1,217,377,509"
3205.0,"7,294","653,258,709"
3206.0,"6,995","905,845,262"
3207.0,"10,983","1,035,073,285"
3211.0,789,"44,932,705"
3212.0,"9,007","484,433,802"
3213.0,"1,511","81,024,195"
3214.0,"9,370","389,965,881"
3215.0,"11,113","560,440,969"
3216.0,"32,900","1,710,070,160"
3217.0,"3,468","185,572,845"
3218.0,"7,818","433,843,921"
3219.0,"10,284","477,856,106"
3220.0,"10,816","839,987,422"
3221.0,"2,398","160,047,138"
3222.0,"8,042","388,237,717"
3223.0,"3,622","162,208,780"
3224.0,"7,864","377,611,667"
3225.0,"2,652","150,540,106"
3226.0,"8,778","467,005,847"
3227.0,"3,039","198,959,809"
3228.0,"11,384","697,065,016"
3230.0,"1,624","79,275,131"
3231.0,831,"45,896,867"
3232.0,797,"37,184,974"
3233.0,"1,340","53,363,914"
3234.0,95,"4,356,765"
3235.0,239,"9,974,091"
3236.0,150,"6,337,614"
3237.0,120,"2,956,883"
3238.0,152,"4,540,405"
3239.0,239,"9,304,462"
3240.0,"1,313","70,004,580"
3241.0,"1,474","64,022,510"
3242.0,594,"24,172,698"
3243.0,218,"8,648,583"
3249.0,"2,238","92,036,397"
3250.0,"6,622","298,430,844"
3251.0,317,"14,885,636"
3254.0,173,"6,429,745"
3260.0,"2,720","114,372,733"
3264.0,"1,380","56,403,387"
3265.0,"1,464","62,477,702"
3266.0,"1,756","70,108,735"
3267.0,182,"6,334,210"
3268.0,"1,757","69,483,717"
3269.0,433,"20,505,197"
3270.0,141,"6,532,627"
3271.0,119,"5,744,539"
3272.0,838,"33,310,425"
3273.0,79,"3,856,546"
3274.0,159,"6,822,004"
3275.0,276,"12,957,723"
3276.0,291,"12,596,241"
3277.0,"1,189","57,763,497"
3278.0,179,"7,578,803"
3279.0,179,"7,657,405"
3280.0,"18,798","876,098,048"
3281.0,"1,011","50,071,888"
3282.0,"1,601","73,458,254"
3283.0,696,"32,848,568"
3284.0,"2,050","102,223,222"
3285.0,722,"33,803,087"
3286.0,355,"15,666,570"
3287.0,271,"10,991,990"
3289.0,461,"20,684,227"
3292.0,101,"3,656,015"
3293.0,211,"8,030,997"
3294.0,609,"23,423,473"
3300.0,"5,834","257,203,764"
3301.0,697,"27,782,558"
3302.0,250,"11,300,450"
3303.0,209,"8,971,623"
3304.0,"1,462","65,363,250"
3305.0,"6,922","348,609,087"
3309.0,58,"1,801,675"
3310.0,152,"5,933,049"
3311.0,921,"37,078,679"
3312.0,535,"23,160,516"
3314.0,353,"15,264,996"
3315.0,935,"38,505,318"
3317.0,111,"4,870,527"
3318.0,721,"28,583,131"
3319.0,227,"9,912,061"
3321.0,948,"50,010,131"
3322.0,96,"3,511,062"
3323.0,58,"2,382,079"
3324.0,294,"12,686,721"
3325.0,265,"10,960,030"
3328.0,983,"50,588,445"
3329.0,153,"5,252,411"
3330.0,133,"5,337,096"
3331.0,"3,424","177,563,308"
3332.0,590,"29,494,409"
3333.0,486,"23,536,447"
3334.0,319,"15,026,081"
3335.0,"3,244","174,435,254"
3337.0,"18,713","887,851,763"
3338.0,"11,235","552,606,754"
3340.0,"11,758","629,644,682"
3341.0,947,"53,246,336"
3342.0,"1,898","95,494,663"
3345.0,709,"38,080,779"
3350.0,"32,983","1,747,504,769"
3351.0,"4,511","212,273,893"
3352.0,"9,065","449,204,325"
3355.0,"5,836","262,927,824"
3356.0,"7,478","312,511,101"
3357.0,"2,211","121,354,383"
3360.0,370,"15,186,017"
3361.0,345,"12,534,518"
3363.0,"1,794","82,973,285"
3364.0,"1,137","50,815,847"
3370.0,829,"32,069,569"
3371.0,480,"18,078,389"
3373.0,"1,174","44,795,087"
3374.0,163,"7,069,062"
3375.0,134,"6,208,826"
3377.0,"4,779","205,406,426"
3378.0,120,"4,662,978"
3379.0,405,"18,404,447"
3380.0,"3,373","143,686,708"
3381.0,650,"28,036,082"
3384.0,290,"9,232,176"
3385.0,267,"8,883,366"
3387.0,204,"5,716,487"
3388.0,351,"14,173,445"
3390.0,480,"17,396,013"
3391.0,79,"1,916,648"
3392.0,307,"8,698,231"
3393.0,"1,410","56,469,390"
3395.0,238,"8,244,098"
3396.0,404,"16,657,663"
3400.0,"8,180","361,499,679"
3401.0,"2,600","98,626,695"
3407.0,279,"11,257,671"
3409.0,605,"19,012,298"
3412.0,169,"6,917,845"
3413.0,124,"3,970,724"
3414.0,883,"36,767,988"
3418.0,"1,653","59,831,778"
3419.0,587,"20,040,878"
3420.0,153,"4,735,064"
3423.0,191,"6,051,847"
3424.0,408,"15,046,251"
3427.0,"1,610","81,781,614"
3428.0,395,"21,232,355"
3429.0,"21,265","1,214,990,705"
3430.0,173,"10,839,587"
3431.0,"2,448","135,925,000"
3432.0,110,"7,067,691"
3433.0,145,"8,847,099"
3434.0,"2,894","162,812,509"
3435.0,"1,626","83,535,429"
3437.0,"6,328","409,986,000"
3438.0,"1,281","81,090,488"
3440.0,"1,171","78,421,115"
3441.0,846,"67,041,943"
3442.0,"4,320","267,484,639"
3444.0,"5,257","268,712,925"
3446.0,554,"25,553,945"
3447.0,258,"10,999,335"
3448.0,518,"22,769,065"
3450.0,"4,018","177,708,292"
3451.0,"2,434","107,153,743"
3453.0,996,"45,771,890"
3458.0,"1,110","52,641,781"
3460.0,"1,656","74,014,260"
3461.0,"2,190","95,576,683"
3462.0,620,"25,615,916"
3463.0,"1,295","52,831,886"
3464.0,555,"21,349,838"
3465.0,"4,339","167,298,959"
3467.0,590,"22,736,811"
3468.0,145,"4,590,644"
3469.0,137,"5,166,554"
3472.0,595,"19,730,952"
3475.0,148,"4,078,498"
3477.0,400,"13,057,201"
3478.0,"1,359","52,601,114"
3480.0,986,"36,297,917"
3482.0,98,"1,510,295"
3483.0,534,"19,110,433"
3485.0,166,"4,697,925"
3487.0,50,"2,088,762"
3488.0,70,"2,943,258"
3490.0,707,"27,245,725"
3491.0,66,"2,944,672"
3494.0,326,"12,421,211"
3496.0,"3,484","144,757,526"
3498.0,"2,639","123,379,711"
3500.0,"15,613","704,055,761"
3501.0,"2,051","98,519,230"
3505.0,"2,534","105,410,401"
3507.0,85,"4,117,809"
3509.0,164,"7,228,542"
3512.0,213,"8,682,799"
3515.0,"1,098","50,003,722"
3516.0,388,"14,921,887"
3517.0,649,"23,954,170"
3518.0,606,"20,873,853"
3521.0,342,"16,079,131"
3522.0,179,"6,881,987"
3523.0,"1,630","68,472,757"
3525.0,744,"23,903,615"
3527.0,412,"10,749,989"
3529.0,89,"2,332,590"
3530.0,74,"2,906,781"
3531.0,112,"3,451,987"
3533.0,407,"16,452,997"
3537.0,586,"23,002,737"
3540.0,167,"5,468,568"
3542.0,108,"2,432,158"
3544.0,137,"4,346,724"
3546.0,270,"10,673,239"
3549.0,"1,994","88,620,605"
3550.0,"21,885","1,117,865,510"
3551.0,"17,302","894,629,946"
3555.0,"10,281","468,079,657"
3556.0,"6,423","272,121,847"
3557.0,423,"19,162,481"
3558.0,502,"19,395,939"
3559.0,289,"10,133,151"
3561.0,"2,518","103,683,656"
3562.0,156,"6,554,342"
3563.0,443,"15,294,753"
3564.0,"9,436","435,309,134"
3566.0,289,"11,640,999"
3567.0,392,"13,936,758"
3568.0,"1,547","69,256,943"
3570.0,404,"16,865,310"
3571.0,196,"5,829,578"
3572.0,149,"6,906,470"
3573.0,201,"6,965,285"
3575.0,448,"15,385,264"
3579.0,"2,912","108,945,926"
3580.0,561,"20,615,579"
3581.0,106,"3,647,504"
3583.0,93,"3,523,850"
3584.0,574,"23,184,669"
3585.0,"6,872","306,885,761"
3586.0,241,"9,167,097"
3588.0,185,"6,673,140"
3589.0,168,"8,358,156"
3590.0,185,"7,508,045"
3591.0,97,"4,097,497"
3594.0,345,"12,132,314"
3595.0,313,"10,983,986"
3596.0,69,"3,636,661"
3597.0,229,"10,527,889"
3599.0,61,"3,478,427"
3607.0,54,"3,323,183"
3608.0,"1,348","59,959,585"
3610.0,754,"29,039,159"
3612.0,835,"33,612,782"
3614.0,559,"26,179,594"
3616.0,"3,064","131,932,531"
3617.0,97,"3,384,870"
3618.0,407,"14,299,660"
3620.0,"4,407","182,071,975"
3621.0,"1,289","45,988,021"
3622.0,225,"7,549,336"
3623.0,528,"18,339,771"
3624.0,278,"9,734,642"
3629.0,"4,939","205,722,977"
3630.0,"16,663","739,308,370"
3631.0,"6,824","336,798,133"
3633.0,424,"18,989,254"
3634.0,"1,136","45,650,775"
3635.0,317,"11,248,101"
3636.0,"2,912","117,134,571"
3637.0,320,"9,738,448"
3638.0,"1,146","47,227,816"
3639.0,308,"10,860,853"
3640.0,632,"22,354,658"
3641.0,689,"27,455,618"
3644.0,"4,768","213,212,750"
3646.0,352,"13,576,188"
3649.0,254,"9,140,915"
3658.0,"3,277","158,269,509"
3659.0,380,"18,604,588"
3660.0,"3,794","169,099,017"
3662.0,478,"29,118,387"
3663.0,93,"4,418,040"
3664.0,614,"29,522,386"
3665.0,195,"8,051,645"
3666.0,"2,689","106,129,306"
3669.0,736,"31,579,148"
3670.0,335,"13,717,946"
3672.0,"5,345","234,109,988"
3673.0,"1,073","43,076,501"
3675.0,"1,099","46,047,182"
3677.0,"9,693","441,798,547"
3678.0,"3,921","181,618,136"
3682.0,340,"15,173,533"
3683.0,"1,020","46,216,906"
3685.0,"1,659","75,298,201"
3687.0,599,"29,974,090"
3688.0,817,"38,928,900"
3690.0,"18,629","905,034,313"
3691.0,"5,651","300,126,801"
3694.0,105,"5,384,225"
3695.0,316,"13,362,421"
3697.0,316,"13,412,953"
3698.0,516,"22,258,433"
3699.0,647,"25,318,484"
3700.0,830,"35,977,641"
3701.0,629,"25,618,075"
3705.0,168,"7,325,246"
3707.0,981,"41,498,503"
3709.0,202,"7,921,924"
3711.0,294,"11,927,508"
3712.0,201,"10,092,588"
3713.0,463,"17,507,003"
3714.0,"1,988","89,580,996"
3715.0,165,"5,162,222"
3717.0,"1,565","68,096,835"
3718.0,58,"2,218,387"
3719.0,252,"10,690,703"
3720.0,318,"13,689,673"
3722.0,"2,970","129,746,678"
3723.0,"1,501","61,782,376"
3725.0,356,"15,008,048"
3726.0,207,"6,693,342"
3727.0,203,"5,918,231"
3728.0,316,"12,378,281"
3730.0,"4,628","202,064,467"
3732.0,349,"13,814,907"
3733.0,129,"5,155,013"
3735.0,410,"16,726,787"
3737.0,"2,535","107,493,542"
3738.0,105,"4,384,389"
3739.0,120,"5,201,384"
3740.0,607,"25,502,170"
3741.0,"1,897","79,910,263"
3744.0,245,"9,797,680"
3746.0,193,"8,019,454"
3747.0,"2,693","123,694,621"
3749.0,"1,205","59,009,396"
3750.0,"4,685","225,658,724"
3751.0,125,"6,354,080"
3752.0,"13,403","694,953,498"
3753.0,"1,245","67,777,582"
3754.0,"20,297","1,086,661,990"
3755.0,160,"7,082,542"
3756.0,"6,516","339,045,134"
3757.0,"4,898","252,082,885"
3758.0,"1,324","68,408,227"
3759.0,658,"41,061,953"
3760.0,292,"16,323,675"
3761.0,708,"35,946,289"
3762.0,91,"4,727,153"
3763.0,960,"44,571,186"
3764.0,"4,776","250,172,635"
3765.0,"4,127","225,648,948"
3766.0,776,"42,126,825"
3767.0,718,"38,302,604"
3770.0,"1,984","126,891,995"
3775.0,"2,406","134,843,411"
3777.0,"5,891","280,313,975"
3778.0,126,"3,990,282"
3779.0,245,"7,154,791"
3781.0,"2,442","131,518,369"
3782.0,"4,813","266,240,028"
3783.0,"1,313","67,449,049"
3786.0,936,"56,326,608"
3787.0,674,"37,507,846"
3788.0,"1,128","78,676,657"
3789.0,167,"10,913,718"
3791.0,948,"52,601,076"
3792.0,676,"38,655,264"
3793.0,"2,104","104,058,723"
3795.0,901,"46,093,001"
3796.0,"5,667","285,508,553"
3797.0,"1,838","81,290,245"
3799.0,"2,987","128,754,712"
3800.0,100,"3,552,998"
3802.0,"13,627","645,017,263"
3803.0,"5,547","246,902,648"
3804.0,"5,183","315,509,485"
3805.0,"30,999","1,527,663,029"
3806.0,"27,889","1,611,049,946"
3807.0,"4,459","265,607,867"
3808.0,"1,899","124,765,484"
3809.0,"4,263","229,407,272"
3810.0,"25,163","1,220,708,836"
3812.0,"1,513","76,108,704"
3813.0,513,"59,293,100"
3814.0,"1,304","62,297,005"
3815.0,"1,668","81,245,727"
3816.0,"1,469","64,113,162"
3818.0,"7,472","338,455,316"
3820.0,"9,394","468,238,138"
3821.0,"1,676","78,813,870"
3822.0,560,"26,950,552"
3823.0,"1,057","49,835,923"
3824.0,"2,772","142,066,878"
3825.0,"9,768","491,226,803"
3831.0,973,"46,062,097"
3832.0,124,"5,300,294"
3833.0,154,"5,810,158"
3835.0,341,"15,829,495"
3840.0,"7,671","389,704,730"
3842.0,"2,196","110,348,622"
3844.0,"16,169","950,394,271"
3847.0,"1,142","54,535,285"
3850.0,"8,110","450,384,329"
3851.0,"2,415","118,460,875"
3854.0,866,"54,741,039"
3856.0,576,"32,568,347"
3857.0,221,"10,501,052"
3858.0,"1,627","73,957,660"
3859.0,455,"19,101,815"
3860.0,"4,048","194,474,497"
3862.0,"1,779","85,324,903"
3864.0,112,"4,007,540"
3865.0,298,"12,563,150"
3869.0,"1,043","60,735,131"
3870.0,698,"32,345,018"
3871.0,"1,581","70,948,736"
3873.0,196,"9,192,125"
3874.0,343,"47,343,789"
3875.0,"9,991","442,977,165"
3878.0,590,"26,086,760"
3880.0,"1,972","80,606,858"
3882.0,611,"26,209,906"
3885.0,"1,030","39,589,042"
3886.0,190,"7,917,307"
3887.0,167,"5,417,105"
3888.0,"1,657","69,968,026"
3889.0,82,"1,766,268"
3890.0,166,"6,964,999"
3891.0,65,"3,588,198"
3892.0,579,"22,996,531"
3895.0,119,"4,248,212"
3896.0,228,"10,361,037"
3898.0,405,"14,774,637"
3900.0,110,"4,621,824"
3902.0,227,"9,802,860"
3903.0,412,"18,948,584"
3904.0,840,"35,841,554"
3909.0,"3,974","163,166,728"
3910.0,"13,766","718,681,435"
3911.0,"1,990","107,186,769"
3912.0,"9,155","465,310,919"
3913.0,"2,178","119,004,459"
3915.0,"4,670","223,330,848"
3916.0,629,"44,927,923"
3918.0,"2,272","114,512,587"
3919.0,"1,709","77,109,668"
3920.0,433,"21,025,039"
3921.0,72,"2,766,719"
3922.0,"4,113","172,175,393"
3923.0,347,"16,433,230"
3925.0,"1,996","89,668,814"
3926.0,"2,066","124,784,292"
3927.0,"1,011","56,509,100"
3928.0,300,"32,519,406"
3929.0,629,"58,252,448"
3930.0,"11,317","873,799,980"
3931.0,"13,796","767,113,299"
3933.0,748,"45,271,586"
3934.0,"11,164","689,775,470"
3936.0,"6,416","327,226,639"
3937.0,"1,064","78,264,921"
3938.0,"1,818","88,533,217"
3939.0,"7,606","339,010,941"
3940.0,"2,123","86,686,135"
3941.0,"6,778","308,248,658"
3942.0,"1,416","75,443,088"
3943.0,"1,110","121,239,594"
3944.0,445,"74,433,393"
3945.0,588,"25,143,774"
3946.0,164,"6,110,063"
3950.0,"2,494","112,098,556"
3951.0,595,"24,990,929"
3953.0,"4,480","202,839,716"
3954.0,245,"11,866,266"
3956.0,"1,360","53,625,529"
3957.0,188,"7,514,863"
3958.0,170,"5,751,402"
3959.0,687,"27,248,526"
3960.0,"1,450","61,422,227"
3962.0,517,"21,742,660"
3964.0,94,"3,950,450"
3965.0,91,"3,332,030"
3966.0,290,"12,376,878"
3967.0,69,"2,405,793"
3971.0,"2,077","90,759,056"
3975.0,"8,308","420,258,898"
3976.0,"12,638","542,128,918"
3977.0,"50,705","2,484,344,969"
3978.0,"6,021","314,541,954"
3979.0,199,"7,947,394"
3980.0,"1,895","96,455,751"
3981.0,"2,688","133,566,985"
3984.0,"2,604","110,111,037"
3987.0,838,"36,102,128"
3988.0,692,"27,272,144"
3990.0,105,"4,073,833"
3991.0,213,"7,670,498"
3992.0,447,"17,851,690"
3995.0,"5,034","204,777,587"
3996.0,"3,031","143,398,388"
